WARNING:__main__:
*****************************************
Setting OMP_NUM_THREADS environment variable for each process to be 1 in default, to avoid your system being overloaded, please further tune the variable for optimal performance in your application as needed. 
*****************************************
/juno/u/satvik/miniconda3/envs/sapg/lib/python3.8/site-packages/hydra/_internal/hydra.py:119: UserWarning: Future Hydra versions will no longer change working directory at job runtime by default.
See https://hydra.cc/docs/1.2/upgrades/1.1_to_1.2/changes_to_job_working_dir/ for more information.
  ret = run_job(
/juno/u/satvik/miniconda3/envs/sapg/lib/python3.8/site-packages/hydra/_internal/hydra.py:119: UserWarning: Future Hydra versions will no longer change working directory at job runtime by default.
See https://hydra.cc/docs/1.2/upgrades/1.1_to_1.2/changes_to_job_working_dir/ for more information.
  ret = run_job(
Importing module 'gym_38' (/juno/u/satvik/isaacgym/python/isaacgym/_bindings/linux-x86_64/gym_38.so)
Importing module 'gym_38' (/juno/u/satvik/isaacgym/python/isaacgym/_bindings/linux-x86_64/gym_38.so)
Setting GYM_USD_PLUG_INFO_PATH to /juno/u/satvik/isaacgym/python/isaacgym/_bindings/linux-x86_64/usd/plugInfo.json
Setting GYM_USD_PLUG_INFO_PATH to /juno/u/satvik/isaacgym/python/isaacgym/_bindings/linux-x86_64/usd/plugInfo.json
PyTorch version 2.4.1+cu121
Device count 1
/juno/u/satvik/isaacgym/python/isaacgym/_bindings/src/gymtorch
Using /sailhome/satvik/.cache/torch_extensions/py38_cu121 as PyTorch extensions root...
Emitting ninja build file /sailhome/satvik/.cache/torch_extensions/py38_cu121/gymtorch/build.ninja...
Building extension module gymtorch...
Allowing ninja to set a default number of workers... (overridable by setting the environment variable MAX_JOBS=N)
ninja: no work to do.
Loading extension module gymtorch...
PyTorch version 2.4.1+cu121
Gym has been unmaintained since 2022 and does not support NumPy 2.0 amongst other critical functionality.
Please upgrade to Gymnasium, the maintained drop-in replacement of Gym, or contact the authors of your software and request that they upgrade.
See the migration guide at https://gymnasium.farama.org/introduction/migration_guide/ for additional information.
Device count 1
/juno/u/satvik/isaacgym/python/isaacgym/_bindings/src/gymtorch
Using /sailhome/satvik/.cache/torch_extensions/py38_cu121 as PyTorch extensions root...
Emitting ninja build file /sailhome/satvik/.cache/torch_extensions/py38_cu121/gymtorch/build.ninja...
Building extension module gymtorch...
Allowing ninja to set a default number of workers... (overridable by setting the environment variable MAX_JOBS=N)
ninja: no work to do.
Loading extension module gymtorch...
Gym has been unmaintained since 2022 and does not support NumPy 2.0 amongst other critical functionality.
Please upgrade to Gymnasium, the maintained drop-in replacement of Gym, or contact the authors of your software and request that they upgrade.
See the migration guide at https://gymnasium.farama.org/introduction/migration_guide/ for additional information.
2026-02-17 07:20:13,319 - INFO - logger - logger initialized
<unknown>:3: DeprecationWarning: invalid escape sequence \*
Error: FBX library failed to load - importing FBX data will not succeed. Message: No module named 'fbx'
FBX tools must be installed from https://help.autodesk.com/view/FBX/2020/ENU/?guid=FBX_Developer_Help_scripting_with_python_fbx_installing_python_fbx_html
2026-02-17 07:20:13,367 - INFO - logger - logger initialized
<unknown>:3: DeprecationWarning: invalid escape sequence \*
Error: FBX library failed to load - importing FBX data will not succeed. Message: No module named 'fbx'
FBX tools must be installed from https://help.autodesk.com/view/FBX/2020/ENU/?guid=FBX_Developer_Help_scripting_with_python_fbx_installing_python_fbx_html
/juno/u/satvik/miniconda3/envs/sapg/lib/python3.8/site-packages/networkx/classes/graph.py:23: DeprecationWarning: Using or importing the ABCs from 'collections' instead of from 'collections.abc' is deprecated since Python 3.3, and in 3.10 it will stop working
  from collections import Mapping
/juno/u/satvik/miniconda3/envs/sapg/lib/python3.8/site-packages/networkx/classes/graph.py:23: DeprecationWarning: Using or importing the ABCs from 'collections' instead of from 'collections.abc' is deprecated since Python 3.3, and in 3.10 it will stop working
  from collections import Mapping
/juno/u/satvik/miniconda3/envs/sapg/lib/python3.8/site-packages/networkx/classes/reportviews.py:95: DeprecationWarning: Using or importing the ABCs from 'collections' instead of from 'collections.abc' is deprecated since Python 3.3, and in 3.10 it will stop working
  from collections import Mapping, Set, Iterable
/juno/u/satvik/miniconda3/envs/sapg/lib/python3.8/site-packages/networkx/classes/reportviews.py:95: DeprecationWarning: Using or importing the ABCs from 'collections' instead of from 'collections.abc' is deprecated since Python 3.3, and in 3.10 it will stop working
  from collections import Mapping, Set, Iterable
/juno/u/satvik/miniconda3/envs/sapg/lib/python3.8/site-packages/networkx/readwrite/graphml.py:346: DeprecationWarning: `np.int` is a deprecated alias for the builtin `int`. To silence this warning, use `int` by itself. Doing this will not modify any behavior and is safe. When replacing `np.int`, you may wish to use e.g. `np.int64` or `np.int32` to specify the precision. If you wish to review your current use, check the release note link for additional information.
Deprecated in NumPy 1.20; for more details and guidance: https://numpy.org/devdocs/release/1.20.0-notes.html#deprecations
  (np.int, "int"), (np.int8, "int"),
/juno/u/satvik/miniconda3/envs/sapg/lib/python3.8/site-packages/networkx/readwrite/graphml.py:346: DeprecationWarning: `np.int` is a deprecated alias for the builtin `int`. To silence this warning, use `int` by itself. Doing this will not modify any behavior and is safe. When replacing `np.int`, you may wish to use e.g. `np.int64` or `np.int32` to specify the precision. If you wish to review your current use, check the release note link for additional information.
Deprecated in NumPy 1.20; for more details and guidance: https://numpy.org/devdocs/release/1.20.0-notes.html#deprecations
  (np.int, "int"), (np.int8, "int"),
/juno/u/satvik/miniconda3/envs/sapg/lib/python3.8/site-packages/networkx/drawing/nx_pydot.py:27: DeprecationWarning: pkg_resources is deprecated as an API. See https://setuptools.pypa.io/en/latest/pkg_resources.html
  from pkg_resources import parse_version
/juno/u/satvik/miniconda3/envs/sapg/lib/python3.8/site-packages/networkx/drawing/nx_pydot.py:27: DeprecationWarning: pkg_resources is deprecated as an API. See https://setuptools.pypa.io/en/latest/pkg_resources.html
  from pkg_resources import parse_version
/juno/u/satvik/miniconda3/envs/sapg/lib/python3.8/site-packages/pkg_resources/__init__.py:3154: DeprecationWarning: Deprecated call to `pkg_resources.declare_namespace('mpl_toolkits')`.
Implementing implicit namespace packages (as specified in PEP 420) is preferred to `pkg_resources.declare_namespace`. See https://setuptools.pypa.io/en/latest/references/keywords.html#keyword-namespace-packages
  declare_namespace(pkg)
/juno/u/satvik/miniconda3/envs/sapg/lib/python3.8/site-packages/pkg_resources/__init__.py:3154: DeprecationWarning: Deprecated call to `pkg_resources.declare_namespace('mpl_toolkits')`.
Implementing implicit namespace packages (as specified in PEP 420) is preferred to `pkg_resources.declare_namespace`. See https://setuptools.pypa.io/en/latest/references/keywords.html#keyword-namespace-packages
  declare_namespace(pkg)
/juno/u/satvik/miniconda3/envs/sapg/lib/python3.8/site-packages/pkg_resources/__init__.py:3154: DeprecationWarning: Deprecated call to `pkg_resources.declare_namespace('google')`.
Implementing implicit namespace packages (as specified in PEP 420) is preferred to `pkg_resources.declare_namespace`. See https://setuptools.pypa.io/en/latest/references/keywords.html#keyword-namespace-packages
  declare_namespace(pkg)
/juno/u/satvik/miniconda3/envs/sapg/lib/python3.8/site-packages/pkg_resources/__init__.py:3154: DeprecationWarning: Deprecated call to `pkg_resources.declare_namespace('google')`.
Implementing implicit namespace packages (as specified in PEP 420) is preferred to `pkg_resources.declare_namespace`. See https://setuptools.pypa.io/en/latest/references/keywords.html#keyword-namespace-packages
  declare_namespace(pkg)
/juno/u/satvik/isaacgym/python/isaacgym/torch_utils.py:135: DeprecationWarning: `np.float` is a deprecated alias for the builtin `float`. To silence this warning, use `float` by itself. Doing this will not modify any behavior and is safe. If you specifically wanted the numpy scalar type, use `np.float64` here.
Deprecated in NumPy 1.20; for more details and guidance: https://numpy.org/devdocs/release/1.20.0-notes.html#deprecations
  def get_axis_params(value, axis_idx, x_value=0., dtype=np.float, n_dims=3):
/juno/u/satvik/isaacgym/python/isaacgym/torch_utils.py:135: DeprecationWarning: `np.float` is a deprecated alias for the builtin `float`. To silence this warning, use `float` by itself. Doing this will not modify any behavior and is safe. If you specifically wanted the numpy scalar type, use `np.float64` here.
Deprecated in NumPy 1.20; for more details and guidance: https://numpy.org/devdocs/release/1.20.0-notes.html#deprecations
  def get_axis_params(value, axis_idx, x_value=0., dtype=np.float, n_dims=3):
/juno/u/satvik/miniconda3/envs/sapg/lib/python3.8/site-packages/wandb/util.py:116: SentryHubDeprecationWarning: `sentry_sdk.Hub` is deprecated and will be removed in a future major release. Please consult our 1.x to 2.x migration guide for details on how to migrate `Hub` usage to the new API: https://docs.sentry.io/platforms/python/migration/1.x-to-2.x
  sentry_hub = sentry_sdk.Hub(sentry_client)
/juno/u/satvik/miniconda3/envs/sapg/lib/python3.8/site-packages/wandb/util.py:116: SentryHubDeprecationWarning: `sentry_sdk.Hub` is deprecated and will be removed in a future major release. Please consult our 1.x to 2.x migration guide for details on how to migrate `Hub` usage to the new API: https://docs.sentry.io/platforms/python/migration/1.x-to-2.x
  sentry_hub = sentry_sdk.Hub(sentry_client)
task: 
    name: AllegroKuka
    physics_engine: physx
    env: 
        subtask: reorientation
        numEnvs: 40960
        envSpacing: 1.2
        episodeLength: 600
        enableCameraSensors: True
        enableDebugVis: False
        evalStats: False
        clampAbsObservations: 10.0
        stiffnessScale: 1.0
        forceLimitScale: 1.0
        useRelativeControl: False
        dofSpeedScale: 1.5
        handMovingAverage: 0.1
        armMovingAverage: 0.1
        dofSpeedScaleFinal: None
        armMovingAverageFinal: None
        handMovingAverageFinal: None
        controlFrequencyInv: 1
        resetPositionNoiseX: 0.1
        resetPositionNoiseY: 0.1
        resetPositionNoiseZ: 0.02
        randomizeObjectRotation: True
        resetDofPosRandomIntervalFingers: 0.1
        resetDofPosRandomIntervalArm: 0.1
        resetDofVelRandomInterval: 0.5
        tableResetZ: 0.38
        tableResetZRange: 0.025
        tableObjectZOffset: 0.25
        forceScale: 2.0
        forceProbRange: [0.001, 0.1]
        forceDecay: 0.99
        forceDecayInterval: 0.08
        forceOnlyWhenLifted: True
        torqueScale: 0.0
        torqueProbRange: [0.001, 0.1]
        torqueDecay: 0.99
        torqueDecayInterval: 0.08
        torqueOnlyWhenLifted: True
        linVelImpulseProbRange: [0.001, 0.1]
        linVelImpulseScale: 0.0
        linVelImpulseOnlyWhenLifted: True
        angVelImpulseProbRange: [0.001, 0.1]
        angVelImpulseScale: 0.0
        angVelImpulseOnlyWhenLifted: True
        liftingRewScale: 20.0
        liftingBonus: 300.0
        liftingBonusThreshold: 0.15
        keypointRewScale: 200.0
        distanceDeltaRewScale: 50.0
        reachGoalBonus: 1000.0
        kukaActionsPenaltyScale: 0.03
        allegroActionsPenaltyScale: 0.003
        fallDistance: 0.24
        fallPenalty: 0.0
        objectLinVelPenaltyScale: 0.0
        objectAngVelPenaltyScale: 0.0
        privilegedActions: False
        privilegedActionsTorque: 0.02
        dofFriction: -1.0
        allegroStiffness: 5.0
        kukaStiffness: 300.0
        allegroEffort: 0.35
        kukaEffort: [300, 300, 300, 300, 300, 300, 300]
        allegroDamping: 0.25
        kukaDamping: 20.0
        allegroArmature: 0
        kukaArmature: 0
        keypointScale: 1.5
        objectBaseSize: 0.04
        randomizeObjectDimensions: True
        withSmallCuboids: True
        withBigCuboids: True
        withSticks: True
        objectType: block
        observationType: full_state
        successTolerance: 0.075
        targetSuccessTolerance: 0.01
        evalSuccessTolerance: None
        toleranceCurriculumIncrement: 0.9
        toleranceCurriculumInterval: 3000
        maxConsecutiveSuccesses: 50
        successSteps: 10
        forceConsecutiveNearGoalSteps: False
        saveStates: False
        saveStatesFile: rootTensorsDofStates.bin
        loadInitialStates: False
        loadStatesFile: rootTensorsDofStates.bin
        goodResetBoundary: 0
        object_type: tyler_handle_head
        use_fixed_set_of_goal_states: False
        use_fixed_init_object_pose: False
        fixedGoalStates: None
        use_hack_object_pos_offset: False
        hack_object_pos_offset: 0.05
        record_data: False
        record_data_num_steps: 1000
        capture_video: True
        capture_video_freq: 6000
        capture_video_len: 600
        turn_off_extra_obs: False
        turn_off_extra_obs_slowly: False
        turn_off_palm_vel_obs: False
        turn_off_palm_vel_obs_slowly: False
        turn_off_object_vel_obs: False
        turn_off_object_vel_obs_slowly: False
        use_obs_dropout: False
        init_tyler_curriculum_scale: 0.0
        VISUALIZE_PD_TARGET_AS_BLUE_ROBOT: False
        withTableForceSensor: False
        curriculumSuccessRatio: 0.6
        resetWhenDropped: True
        timeToUpdateTylerCurriculum: 5
        updateStepSizeTylerCurriculum: 0.01
        stateList: ['joint_pos', 'joint_vel', 'prev_action_targets', 'palm_pos', 'palm_rot', 'palm_vel', 'object_rot', 'object_vel', 'fingertip_pos_rel_palm', 'keypoints_rel_palm', 'keypoints_rel_goal', 'object_scales', 'closest_keypoint_max_dist', 'closest_fingertip_dist', 'lifted_object', 'progress', 'successes', 'reward']
        obsList: ['joint_pos', 'joint_vel', 'prev_action_targets', 'palm_pos', 'palm_rot', 'object_rot', 'fingertip_pos_rel_palm', 'keypoints_rel_palm', 'keypoints_rel_goal', 'object_scales']
        fixedSizeKeypointReward: False
        fixedSize: [0.141, 0.03025, 0.0271]
        startArmHigher: False
        use_green_robot: True
        sanity_check_controls: False
        add_prev_targets_to_obs: False
        jointVelocityPenaltyScale: 0.0
        jointAccelerationPenaltyScale: 0.0
        goalSamplingType: delta
        targetVolumeRegionScale: 1.0
        deltaGoalDistance: 0.1
        deltaRotationDegrees: 90.0
        targetVolumeMins: [-0.35, -0.1, 0.68]
        targetVolumeMaxs: [0.35, 0.2, 1.05]
        useObsDelay: True
        obsDelayMax: 3
        useActionDelay: False
        actionDelayMax: 3
        useObjectStateDelayNoise: True
        objectStateDelayMax: 10
        objectStateXyzNoiseStd: 0.01
        objectStateRotationNoiseDegrees: 5.0
        jointVelocityObsNoiseStd: 0.01
        forceNoReset: False
        objectStartPose: None
        goalObjectPose: None
        handleHeadTypes: ['hammer', 'screwdriver', 'marker', 'spatula', 'eraser', 'brush']
        useDepthObservation: False
        depthImageSize: 224
        depthCameraMount: fixed
        depthCameraPos: [0.5, 0.0, 0.8]
        depthCameraTarget: [0.0, 0.0, 0.5]
        depthCameraWristBody: iiwa14_link_7
        modifyAssetFrictions: True
        robotFriction: 0.5
        fingerTipFriction: 1.5
        objectFriction: 0.5
        tableFriction: 0.5
        asset: 
            kukaAllegro: urdf/kuka_allegro_description/iiwa14_left_sharpa_adjusted_restricted.urdf
            table: urdf/table_narrow.urdf
            assetFileNameBlock: urdf/objects/cube_multicolor.urdf
        useSparseReward: False
    task: 
        randomize: False
        randomization_params: 
            frequency: 720
            observations: 
                range: [0, 0.01]
                range_correlated: [0, 0.01]
                operation: additive
                distribution: gaussian
                schedule: constant
                schedule_steps: 5000
            actions: 
                range: [0.0, 0.01]
                range_correlated: [0.0, 0.01]
                operation: additive
                distribution: gaussian
                schedule: linear
                schedule_steps: 5000
            sim_params: 
                gravity: 
                    range: [0, 0.3]
                    operation: additive
                    distribution: gaussian
            actor_params: 
                allegro: 
                    color: True
                    dof_properties: 
                        damping: 
                            range: [0.7, 1.3]
                            operation: scaling
                            distribution: loguniform
                        stiffness: 
                            range: [0.7, 1.3]
                            operation: scaling
                            distribution: loguniform
                        effort: 
                            range: [0.7, 1.3]
                            operation: scaling
                            distribution: uniform
                        friction: 
                            range: [0.7, 1.3]
                            operation: scaling
                            distribution: uniform
                        armature: 
                            range: [0.7, 1.3]
                            operation: scaling
                            distribution: uniform
                    rigid_body_properties: 
                        mass: 
                            range: [0.7, 1.3]
                            operation: scaling
                            distribution: uniform
                            setup_only: True
                    rigid_shape_properties: 
                        friction: 
                            num_buckets: 100
                            range: [0.7, 1.3]
                            operation: scaling
                            distribution: uniform
                        restitution: 
                            num_buckets: 100
                            range: [0.0, 0.3]
                            operation: additive
                            distribution: uniform
                object: 
                    rigid_body_properties: 
                        mass: 
                            range: [0.7, 1.3]
                            operation: scaling
                            distribution: uniform
                            setup_only: True
                    rigid_shape_properties: 
                        friction: 
                            num_buckets: 100
                            range: [0.7, 1.3]
                            operation: scaling
                            distribution: uniform
                        restitution: 
                            num_buckets: 100
                            range: [0.0, 0.3]
                            operation: additive
                            distribution: uniform
    sim: 
        substeps: 2
        dt: 0.016666666666666666
        up_axis: z
        use_gpu_pipeline: True
        num_client_threads: 8
        gravity: [0.0, 0.0, -9.81]
        physx: 
            num_threads: 6
            solver_type: 1
            num_position_iterations: 8
            num_velocity_iterations: 0
            max_gpu_contact_pairs: 8388608
            num_subscenes: 4
            contact_offset: 0.002
            rest_offset: 0.0
            bounce_threshold_velocity: 0.2
            max_depenetration_velocity: 1000.0
            default_buffer_size_multiplier: 25.0
            contact_collection: 0
train: 
    params: 
        seed: 0
        algo: 
            name: a2c_continuous
        model: 
            name: continuous_a2c_logstd
        network: 
            name: actor_critic
            separate: False
            space: 
                continuous: 
                    mu_activation: None
                    sigma_activation: None
                    mu_init: 
                        name: default
                    sigma_init: 
                        name: const_initializer
                        val: 0
                    fixed_sigma: coef_cond
            mlp: 
                units: [1024, 1024, 512, 512]
                activation: elu
                d2rl: False
                initializer: 
                    name: default
                regularizer: 
                    name: None
            rnn: 
                name: lstm
                units: 1024
                layers: 1
                before_mlp: True
                layer_norm: True
        load_checkpoint: False
        load_path: 
        config: 
            name: 00_bench_1771341607
            device_name: cuda:0
            env_name: rlgpu
            multi_gpu: True
            ppo: True
            mixed_precision: True
            normalize_input: True
            normalize_value: True
            normalize_advantage: True
            reward_shaper: 
                scale_value: 0.01
            num_actors: 40960
            gamma: 0.99
            tau: 0.95
            learning_rate: 0.0001
            lr_schedule: adaptive
            schedule_type: standard
            kl_threshold: 0.016
            score_to_win: 1000000
            max_epochs: 15
            max_frames: 100000000000
            save_best_after: 100
            save_frequency: 3000
            print_stats: True
            grad_norm: 1.0
            entropy_coef: 0.0
            truncate_grads: True
            e_clip: 0.1
            minibatch_size: 163840
            mini_epochs: 2
            critic_coef: 4.0
            clip_value: True
            horizon_length: 16
            seq_length: 16
            bounds_loss_coef: 0.0001
            defer_summaries_sec: 240
            summaries_interval_sec_min: 60
            summaries_interval_sec_max: 300
            good_reset_boundary: 0
            use_others_experience: lf
            off_policy_ratio: 1.0
            expl_type: mixed_expl_learn_param
            expl_reward_coef_embd_size: 32
            expl_reward_coef_scale: 0.005
            expl_reward_type: entropy
            expl_coef_block_size: 4096
            player: 
                deterministic: False
                games_num: 100000
                print_stats: False
            central_value_config: 
                minibatch_size: 98304
                mini_epochs: 2
                learning_rate: 0.0001
                kl_threshold: 0.016
                clip_value: True
                normalize_input: True
                truncate_grads: True
                network: 
                    name: actor_critic
                    central_value: True
                    mlp: 
                        units: [1024, 1024, 512, 512]
                        activation: elu
                        d2rl: False
                        initializer: 
                            name: default
                        regularizer: 
                            name: None
pbt: 
    enabled: False
task_name: AllegroKuka
experiment: 00_bench_1771341607
num_envs: 
seed: 0
torch_deterministic: False
max_iterations: 
physics_engine: physx
pipeline: gpu
sim_device: cuda:0
rl_device: cuda:0
graphics_device_id: 0
num_threads: 4
solver_type: 1
num_subscenes: 4
test: False
checkpoint: 
checkpoint_yaml: 
sigma: 
multi_gpu: True
wandb_activate: False
wandb_group: 
wandb_name: 00_bench_1771341607
wandb_entity: 
wandb_project: isaacgymenvs
wandb_tags: []
wandb_logcode_dir: 
capture_video: False
capture_video_freq: 1464
capture_video_len: 100
force_render: True
headless: True
Setting seed: 1
Using rl_device: cuda:0
Using sim_device: cuda:0
{'name': '00_bench_1771341607', 'device_name': 'cuda:0', 'env_name': 'rlgpu', 'multi_gpu': True, 'ppo': True, 'mixed_precision': True, 'normalize_input': True, 'normalize_value': True, 'normalize_advantage': True, 'reward_shaper': {'scale_value': 0.01}, 'num_actors': 40960, 'gamma': 0.99, 'tau': 0.95, 'learning_rate': 0.0001, 'lr_schedule': 'adaptive', 'schedule_type': 'standard', 'kl_threshold': 0.016, 'score_to_win': 1000000, 'max_epochs': 15, 'max_frames': 100000000000, 'save_best_after': 100, 'save_frequency': 3000, 'print_stats': True, 'grad_norm': 1.0, 'entropy_coef': 0.0, 'truncate_grads': True, 'e_clip': 0.1, 'minibatch_size': 163840, 'mini_epochs': 2, 'critic_coef': 4.0, 'clip_value': True, 'horizon_length': 16, 'seq_length': 16, 'bounds_loss_coef': 0.0001, 'defer_summaries_sec': 240, 'summaries_interval_sec_min': 60, 'summaries_interval_sec_max': 300, 'good_reset_boundary': 0, 'use_others_experience': 'lf', 'off_policy_ratio': 1.0, 'expl_type': 'mixed_expl_learn_param', 'expl_reward_coef_embd_size': 32, 'expl_reward_coef_scale': 0.005, 'expl_reward_type': 'entropy', 'expl_coef_block_size': 4096, 'player': {'deterministic': False, 'games_num': 100000, 'print_stats': False}, 'central_value_config': {'minibatch_size': 98304, 'mini_epochs': 2, 'learning_rate': 0.0001, 'kl_threshold': 0.016, 'clip_value': True, 'normalize_input': True, 'truncate_grads': True, 'network': {'name': 'actor_critic', 'central_value': True, 'mlp': {'units': [1024, 1024, 512, 512], 'activation': 'elu', 'd2rl': False, 'initializer': {'name': 'default'}, 'regularizer': {'name': 'None'}}}}, 'device': 'cuda:0', 'population_based_training': False, 'pbt_idx': None, 'full_experiment_name': None}
global_rank = 1 local_rank = 1 world_size = 2
self.seed = 2
task: 
    name: AllegroKuka
    physics_engine: physx
    env: 
        subtask: reorientation
        numEnvs: 40960
        envSpacing: 1.2
        episodeLength: 600
        enableCameraSensors: True
        enableDebugVis: False
        evalStats: False
        clampAbsObservations: 10.0
        stiffnessScale: 1.0
        forceLimitScale: 1.0
        useRelativeControl: False
        dofSpeedScale: 1.5
        handMovingAverage: 0.1
        armMovingAverage: 0.1
        dofSpeedScaleFinal: None
        armMovingAverageFinal: None
        handMovingAverageFinal: None
        controlFrequencyInv: 1
        resetPositionNoiseX: 0.1
        resetPositionNoiseY: 0.1
        resetPositionNoiseZ: 0.02
        randomizeObjectRotation: True
        resetDofPosRandomIntervalFingers: 0.1
        resetDofPosRandomIntervalArm: 0.1
        resetDofVelRandomInterval: 0.5
        tableResetZ: 0.38
        tableResetZRange: 0.025
        tableObjectZOffset: 0.25
        forceScale: 2.0
        forceProbRange: [0.001, 0.1]
        forceDecay: 0.99
        forceDecayInterval: 0.08
        forceOnlyWhenLifted: True
        torqueScale: 0.0
        torqueProbRange: [0.001, 0.1]
        torqueDecay: 0.99
        torqueDecayInterval: 0.08
        torqueOnlyWhenLifted: True
        linVelImpulseProbRange: [0.001, 0.1]
        linVelImpulseScale: 0.0
        linVelImpulseOnlyWhenLifted: True
        angVelImpulseProbRange: [0.001, 0.1]
        angVelImpulseScale: 0.0
        angVelImpulseOnlyWhenLifted: True
        liftingRewScale: 20.0
        liftingBonus: 300.0
        liftingBonusThreshold: 0.15
        keypointRewScale: 200.0
        distanceDeltaRewScale: 50.0
        reachGoalBonus: 1000.0
        kukaActionsPenaltyScale: 0.03
        allegroActionsPenaltyScale: 0.003
        fallDistance: 0.24
        fallPenalty: 0.0
        objectLinVelPenaltyScale: 0.0
        objectAngVelPenaltyScale: 0.0
        privilegedActions: False
        privilegedActionsTorque: 0.02
        dofFriction: -1.0
        allegroStiffness: 5.0
        kukaStiffness: 300.0
        allegroEffort: 0.35
        kukaEffort: [300, 300, 300, 300, 300, 300, 300]
        allegroDamping: 0.25
        kukaDamping: 20.0
        allegroArmature: 0
        kukaArmature: 0
        keypointScale: 1.5
        objectBaseSize: 0.04
        randomizeObjectDimensions: True
        withSmallCuboids: True
        withBigCuboids: True
        withSticks: True
        objectType: block
        observationType: full_state
        successTolerance: 0.075
        targetSuccessTolerance: 0.01
        evalSuccessTolerance: None
        toleranceCurriculumIncrement: 0.9
        toleranceCurriculumInterval: 3000
        maxConsecutiveSuccesses: 50
        successSteps: 10
        forceConsecutiveNearGoalSteps: False
        saveStates: False
        saveStatesFile: rootTensorsDofStates.bin
        loadInitialStates: False
        loadStatesFile: rootTensorsDofStates.bin
        goodResetBoundary: 0
        object_type: tyler_handle_head
        use_fixed_set_of_goal_states: False
        use_fixed_init_object_pose: False
        fixedGoalStates: None
        use_hack_object_pos_offset: False
        hack_object_pos_offset: 0.05
        record_data: False
        record_data_num_steps: 1000
        capture_video: True
        capture_video_freq: 6000
        capture_video_len: 600
        turn_off_extra_obs: False
        turn_off_extra_obs_slowly: False
        turn_off_palm_vel_obs: False
        turn_off_palm_vel_obs_slowly: False
        turn_off_object_vel_obs: False
        turn_off_object_vel_obs_slowly: False
        use_obs_dropout: False
        init_tyler_curriculum_scale: 0.0
        VISUALIZE_PD_TARGET_AS_BLUE_ROBOT: False
        withTableForceSensor: False
        curriculumSuccessRatio: 0.6
        resetWhenDropped: True
        timeToUpdateTylerCurriculum: 5
        updateStepSizeTylerCurriculum: 0.01
        stateList: ['joint_pos', 'joint_vel', 'prev_action_targets', 'palm_pos', 'palm_rot', 'palm_vel', 'object_rot', 'object_vel', 'fingertip_pos_rel_palm', 'keypoints_rel_palm', 'keypoints_rel_goal', 'object_scales', 'closest_keypoint_max_dist', 'closest_fingertip_dist', 'lifted_object', 'progress', 'successes', 'reward']
        obsList: ['joint_pos', 'joint_vel', 'prev_action_targets', 'palm_pos', 'palm_rot', 'object_rot', 'fingertip_pos_rel_palm', 'keypoints_rel_palm', 'keypoints_rel_goal', 'object_scales']
        fixedSizeKeypointReward: False
        fixedSize: [0.141, 0.03025, 0.0271]
        startArmHigher: False
        use_green_robot: True
        sanity_check_controls: False
        add_prev_targets_to_obs: False
        jointVelocityPenaltyScale: 0.0
        jointAccelerationPenaltyScale: 0.0
        goalSamplingType: delta
        targetVolumeRegionScale: 1.0
        deltaGoalDistance: 0.1
        deltaRotationDegrees: 90.0
        targetVolumeMins: [-0.35, -0.1, 0.68]
        targetVolumeMaxs: [0.35, 0.2, 1.05]
        useObsDelay: True
        obsDelayMax: 3
        useActionDelay: False
        actionDelayMax: 3
        useObjectStateDelayNoise: True
        objectStateDelayMax: 10
        objectStateXyzNoiseStd: 0.01
        objectStateRotationNoiseDegrees: 5.0
        jointVelocityObsNoiseStd: 0.01
        forceNoReset: False
        objectStartPose: None
        goalObjectPose: None
        handleHeadTypes: ['hammer', 'screwdriver', 'marker', 'spatula', 'eraser', 'brush']
        useDepthObservation: False
        depthImageSize: 224
        depthCameraMount: fixed
        depthCameraPos: [0.5, 0.0, 0.8]
        depthCameraTarget: [0.0, 0.0, 0.5]
        depthCameraWristBody: iiwa14_link_7
        modifyAssetFrictions: True
        robotFriction: 0.5
        fingerTipFriction: 1.5
        objectFriction: 0.5
        tableFriction: 0.5
        asset: 
            kukaAllegro: urdf/kuka_allegro_description/iiwa14_left_sharpa_adjusted_restricted.urdf
            table: urdf/table_narrow.urdf
            assetFileNameBlock: urdf/objects/cube_multicolor.urdf
        useSparseReward: False
    task: 
        randomize: False
        randomization_params: 
            frequency: 720
            observations: 
                range: [0, 0.01]
                range_correlated: [0, 0.01]
                operation: additive
                distribution: gaussian
                schedule: constant
                schedule_steps: 5000
            actions: 
                range: [0.0, 0.01]
                range_correlated: [0.0, 0.01]
                operation: additive
                distribution: gaussian
                schedule: linear
                schedule_steps: 5000
            sim_params: 
                gravity: 
                    range: [0, 0.3]
                    operation: additive
                    distribution: gaussian
            actor_params: 
                allegro: 
                    color: True
                    dof_properties: 
                        damping: 
                            range: [0.7, 1.3]
                            operation: scaling
                            distribution: loguniform
                        stiffness: 
                            range: [0.7, 1.3]
                            operation: scaling
                            distribution: loguniform
                        effort: 
                            range: [0.7, 1.3]
                            operation: scaling
                            distribution: uniform
                        friction: 
                            range: [0.7, 1.3]
                            operation: scaling
                            distribution: uniform
                        armature: 
                            range: [0.7, 1.3]
                            operation: scaling
                            distribution: uniform
                    rigid_body_properties: 
                        mass: 
                            range: [0.7, 1.3]
                            operation: scaling
                            distribution: uniform
                            setup_only: True
                    rigid_shape_properties: 
                        friction: 
                            num_buckets: 100
                            range: [0.7, 1.3]
                            operation: scaling
                            distribution: uniform
                        restitution: 
                            num_buckets: 100
                            range: [0.0, 0.3]
                            operation: additive
                            distribution: uniform
                object: 
                    rigid_body_properties: 
                        mass: 
                            range: [0.7, 1.3]
                            operation: scaling
                            distribution: uniform
                            setup_only: True
                    rigid_shape_properties: 
                        friction: 
                            num_buckets: 100
                            range: [0.7, 1.3]
                            operation: scaling
                            distribution: uniform
                        restitution: 
                            num_buckets: 100
                            range: [0.0, 0.3]
                            operation: additive
                            distribution: uniform
    sim: 
        substeps: 2
        dt: 0.016666666666666666
        up_axis: z
        use_gpu_pipeline: True
        num_client_threads: 8
        gravity: [0.0, 0.0, -9.81]
        physx: 
            num_threads: 6
            solver_type: 1
            num_position_iterations: 8
            num_velocity_iterations: 0
            max_gpu_contact_pairs: 8388608
            num_subscenes: 4
            contact_offset: 0.002
            rest_offset: 0.0
            bounce_threshold_velocity: 0.2
            max_depenetration_velocity: 1000.0
            default_buffer_size_multiplier: 25.0
            contact_collection: 0
train: 
    params: 
        seed: 0
        algo: 
            name: a2c_continuous
        model: 
            name: continuous_a2c_logstd
        network: 
            name: actor_critic
            separate: False
            space: 
                continuous: 
                    mu_activation: None
                    sigma_activation: None
                    mu_init: 
                        name: default
                    sigma_init: 
                        name: const_initializer
                        val: 0
                    fixed_sigma: coef_cond
            mlp: 
                units: [1024, 1024, 512, 512]
                activation: elu
                d2rl: False
                initializer: 
                    name: default
                regularizer: 
                    name: None
            rnn: 
                name: lstm
                units: 1024
                layers: 1
                before_mlp: True
                layer_norm: True
        load_checkpoint: False
        load_path: 
        config: 
            name: 00_bench_1771341607
            device_name: cuda:0
            env_name: rlgpu
            multi_gpu: True
            ppo: True
            mixed_precision: True
            normalize_input: True
            normalize_value: True
            normalize_advantage: True
            reward_shaper: 
                scale_value: 0.01
            num_actors: 40960
            gamma: 0.99
            tau: 0.95
            learning_rate: 0.0001
            lr_schedule: adaptive
            schedule_type: standard
            kl_threshold: 0.016
            score_to_win: 1000000
            max_epochs: 15
            max_frames: 100000000000
            save_best_after: 100
            save_frequency: 3000
            print_stats: True
            grad_norm: 1.0
            entropy_coef: 0.0
            truncate_grads: True
            e_clip: 0.1
            minibatch_size: 163840
            mini_epochs: 2
            critic_coef: 4.0
            clip_value: True
            horizon_length: 16
            seq_length: 16
            bounds_loss_coef: 0.0001
            defer_summaries_sec: 240
            summaries_interval_sec_min: 60
            summaries_interval_sec_max: 300
            good_reset_boundary: 0
            use_others_experience: lf
            off_policy_ratio: 1.0
            expl_type: mixed_expl_learn_param
            expl_reward_coef_embd_size: 32
            expl_reward_coef_scale: 0.005
            expl_reward_type: entropy
            expl_coef_block_size: 4096
            player: 
                deterministic: False
                games_num: 100000
                print_stats: False
            central_value_config: 
                minibatch_size: 98304
                mini_epochs: 2
                learning_rate: 0.0001
                kl_threshold: 0.016
                clip_value: True
                normalize_input: True
                truncate_grads: True
                network: 
                    name: actor_critic
                    central_value: True
                    mlp: 
                        units: [1024, 1024, 512, 512]
                        activation: elu
                        d2rl: False
                        initializer: 
                            name: default
                        regularizer: 
                            name: None
pbt: 
    enabled: False
task_name: AllegroKuka
experiment: 00_bench_1771341607
num_envs: 
seed: 0
torch_deterministic: False
max_iterations: 
physics_engine: physx
pipeline: gpu
sim_device: cuda:0
rl_device: cuda:0
graphics_device_id: 0
num_threads: 4
solver_type: 1
num_subscenes: 4
test: False
checkpoint: 
checkpoint_yaml: 
sigma: 
multi_gpu: True
wandb_activate: False
wandb_group: 
wandb_name: 00_bench_1771341607
wandb_entity: 
wandb_project: isaacgymenvs
wandb_tags: []
wandb_logcode_dir: 
capture_video: False
capture_video_freq: 1464
capture_video_len: 100
force_render: True
headless: True
Setting seed: 0
Started to train
Using rl_device: cuda:0
Adding Central Value Network
Using sim_device: cuda:0
{'name': '00_bench_1771341607', 'device_name': 'cuda:0', 'env_name': 'rlgpu', 'multi_gpu': True, 'ppo': True, 'mixed_precision': True, 'normalize_input': True, 'normalize_value': True, 'normalize_advantage': True, 'reward_shaper': {'scale_value': 0.01}, 'num_actors': 40960, 'gamma': 0.99, 'tau': 0.95, 'learning_rate': 0.0001, 'lr_schedule': 'adaptive', 'schedule_type': 'standard', 'kl_threshold': 0.016, 'score_to_win': 1000000, 'max_epochs': 15, 'max_frames': 100000000000, 'save_best_after': 100, 'save_frequency': 3000, 'print_stats': True, 'grad_norm': 1.0, 'entropy_coef': 0.0, 'truncate_grads': True, 'e_clip': 0.1, 'minibatch_size': 163840, 'mini_epochs': 2, 'critic_coef': 4.0, 'clip_value': True, 'horizon_length': 16, 'seq_length': 16, 'bounds_loss_coef': 0.0001, 'defer_summaries_sec': 240, 'summaries_interval_sec_min': 60, 'summaries_interval_sec_max': 300, 'good_reset_boundary': 0, 'use_others_experience': 'lf', 'off_policy_ratio': 1.0, 'expl_type': 'mixed_expl_learn_param', 'expl_reward_coef_embd_size': 32, 'expl_reward_coef_scale': 0.005, 'expl_reward_type': 'entropy', 'expl_coef_block_size': 4096, 'player': {'deterministic': False, 'games_num': 100000, 'print_stats': False}, 'central_value_config': {'minibatch_size': 98304, 'mini_epochs': 2, 'learning_rate': 0.0001, 'kl_threshold': 0.016, 'clip_value': True, 'normalize_input': True, 'truncate_grads': True, 'network': {'name': 'actor_critic', 'central_value': True, 'mlp': {'units': [1024, 1024, 512, 512], 'activation': 'elu', 'd2rl': False, 'initializer': {'name': 'default'}, 'regularizer': {'name': 'None'}}}}, 'device': 'cuda:0', 'population_based_training': False, 'pbt_idx': None, 'full_experiment_name': None}
global_rank = 0 local_rank = 0 world_size = 2
self.seed = 0
Started to train
Adding Central Value Network
global_rank = 1 local_rank = 1 world_size = 2
global_rank = 0 local_rank = 0 world_size = 2
Obs type: full_state
Obs type: full_state
/juno/u/satvik/miniconda3/envs/sapg/lib/python3.8/site-packages/gym/spaces/box.py:84: UserWarning: [33mWARN: Box bound precision lowered by casting to float32[0m
  logger.warn(f"Box bound precision lowered by casting to {self.dtype}")
/juno/u/satvik/miniconda3/envs/sapg/lib/python3.8/site-packages/gym/spaces/box.py:84: UserWarning: [33mWARN: Box bound precision lowered by casting to float32[0m
  logger.warn(f"Box bound precision lowered by casting to {self.dtype}")
[Warning] [carb.gym.plugin] useGpuPipeline is set, forcing GPU PhysX
[Warning] [carb.gym.plugin] useGpu is set, forcing single scene (0 subscenes)
Not connected to PVD
+++ Using GPU PhysX
[Warning] [carb.gym.plugin] useGpuPipeline is set, forcing GPU PhysX
[Warning] [carb.gym.plugin] useGpu is set, forcing single scene (0 subscenes)
Not connected to PVD
+++ Using GPU PhysX
Physics Engine: PhysX
Physics Device: cuda:0
GPU Pipeline: enabled
Physics Engine: PhysX
Physics Device: cuda:0
GPU Pipeline: enabled
Assets template dir: /juno/u/satvik/sapg/isaacgymenvs/tasks/allegro_kuka/../../../assets/asset_templates
Assets template dir: /juno/u/satvik/sapg/isaacgymenvs/tasks/allegro_kuka/../../../assets/asset_templates
Assets template dir: /juno/u/satvik/sapg/isaacgymenvs/tasks/allegro_kuka/../../../assets/asset_templates
Assets template dir: /juno/u/satvik/sapg/isaacgymenvs/tasks/allegro_kuka/../../../assets/asset_templates
/juno/u/satvik/sapg/isaacgymenvs/tasks/allegro_kuka/allegro_kuka_base.py:1344: DeprecationWarning: an integer is required (got type isaacgym._bindings.linux-x86_64.gym_38.DofDriveMode).  Implicit conversion to integers using __int__ is deprecated, and may be removed in a future version of Python.
  asset_options.default_dof_drive_mode = gymapi.DOF_MODE_POS
Loading asset urdf/kuka_allegro_description/iiwa14_left_sharpa_adjusted_restricted.urdf from /juno/u/satvik/sapg/isaacgymenvs/tasks/allegro_kuka/../../../assets
Assets template dir: /juno/u/satvik/sapg/isaacgymenvs/tasks/allegro_kuka/../../../assets/asset_templates
Assets template dir: /juno/u/satvik/sapg/isaacgymenvs/tasks/allegro_kuka/../../../assets/asset_templates
Assets template dir: /juno/u/satvik/sapg/isaacgymenvs/tasks/allegro_kuka/../../../assets/asset_templates
Assets template dir: /juno/u/satvik/sapg/isaacgymenvs/tasks/allegro_kuka/../../../assets/asset_templates
/juno/u/satvik/sapg/isaacgymenvs/tasks/allegro_kuka/allegro_kuka_base.py:1344: DeprecationWarning: an integer is required (got type isaacgym._bindings.linux-x86_64.gym_38.DofDriveMode).  Implicit conversion to integers using __int__ is deprecated, and may be removed in a future version of Python.
  asset_options.default_dof_drive_mode = gymapi.DOF_MODE_POS
Loading asset urdf/kuka_allegro_description/iiwa14_left_sharpa_adjusted_restricted.urdf from /juno/u/satvik/sapg/isaacgymenvs/tasks/allegro_kuka/../../../assets
Loaded asset <isaacgym._bindings.linux-x86_64.gym_38.Asset object at 0x11141b276eb0>
Allegro num rigid bodies: 30
Allegro rigid bodies: ['iiwa14_link_0', 'iiwa14_link_1', 'iiwa14_link_2', 'iiwa14_link_3', 'iiwa14_link_4', 'iiwa14_link_5', 'iiwa14_link_6', 'iiwa14_link_7', 'left_thumb_CMC_VL', 'left_thumb_MC', 'left_thumb_MCP_VL', 'left_thumb_PP', 'left_thumb_DP', 'left_index_MCP_VL', 'left_index_PP', 'left_index_MP', 'left_index_DP', 'left_middle_MCP_VL', 'left_middle_PP', 'left_middle_MP', 'left_middle_DP', 'left_ring_MCP_VL', 'left_ring_PP', 'left_ring_MP', 'left_ring_DP', 'left_pinky_MC', 'left_pinky_MCP_VL', 'left_pinky_PP', 'left_pinky_MP', 'left_pinky_DP']
rb_names = ['iiwa14_link_0', 'iiwa14_link_1', 'iiwa14_link_2', 'iiwa14_link_3', 'iiwa14_link_4', 'iiwa14_link_5', 'iiwa14_link_6', 'iiwa14_link_7', 'left_thumb_CMC_VL', 'left_thumb_MC', 'left_thumb_MCP_VL', 'left_thumb_PP', 'left_thumb_DP', 'left_index_MCP_VL', 'left_index_PP', 'left_index_MP', 'left_index_DP', 'left_middle_MCP_VL', 'left_middle_PP', 'left_middle_MP', 'left_middle_DP', 'left_ring_MCP_VL', 'left_ring_PP', 'left_ring_MP', 'left_ring_DP', 'left_pinky_MC', 'left_pinky_MCP_VL', 'left_pinky_PP', 'left_pinky_MP', 'left_pinky_DP']
Loaded asset <isaacgym._bindings.linux-x86_64.gym_38.Asset object at 0x1237e83d6cf0>
Allegro num rigid bodies: 30
Allegro rigid bodies: ['iiwa14_link_0', 'iiwa14_link_1', 'iiwa14_link_2', 'iiwa14_link_3', 'iiwa14_link_4', 'iiwa14_link_5', 'iiwa14_link_6', 'iiwa14_link_7', 'left_thumb_CMC_VL', 'left_thumb_MC', 'left_thumb_MCP_VL', 'left_thumb_PP', 'left_thumb_DP', 'left_index_MCP_VL', 'left_index_PP', 'left_index_MP', 'left_index_DP', 'left_middle_MCP_VL', 'left_middle_PP', 'left_middle_MP', 'left_middle_DP', 'left_ring_MCP_VL', 'left_ring_PP', 'left_ring_MP', 'left_ring_DP', 'left_pinky_MC', 'left_pinky_MCP_VL', 'left_pinky_PP', 'left_pinky_MP', 'left_pinky_DP']
rb_names = ['iiwa14_link_0', 'iiwa14_link_1', 'iiwa14_link_2', 'iiwa14_link_3', 'iiwa14_link_4', 'iiwa14_link_5', 'iiwa14_link_6', 'iiwa14_link_7', 'left_thumb_CMC_VL', 'left_thumb_MC', 'left_thumb_MCP_VL', 'left_thumb_PP', 'left_thumb_DP', 'left_index_MCP_VL', 'left_index_PP', 'left_index_MP', 'left_index_DP', 'left_middle_MCP_VL', 'left_middle_PP', 'left_middle_MP', 'left_middle_DP', 'left_ring_MCP_VL', 'left_ring_PP', 'left_ring_MP', 'left_ring_DP', 'left_pinky_MC', 'left_pinky_MCP_VL', 'left_pinky_PP', 'left_pinky_MP', 'left_pinky_DP']
Allegro joint names: ['iiwa14_joint_1', 'iiwa14_joint_2', 'iiwa14_joint_3', 'iiwa14_joint_4', 'iiwa14_joint_5', 'iiwa14_joint_6', 'iiwa14_joint_7', 'left_1_thumb_CMC_FE', 'left_thumb_CMC_AA', 'left_thumb_MCP_FE', 'left_thumb_MCP_AA', 'left_thumb_IP', 'left_2_index_MCP_FE', 'left_index_MCP_AA', 'left_index_PIP', 'left_index_DIP', 'left_3_middle_MCP_FE', 'left_middle_MCP_AA', 'left_middle_PIP', 'left_middle_DIP', 'left_4_ring_MCP_FE', 'left_ring_MCP_AA', 'left_ring_PIP', 'left_ring_DIP', 'left_5_pinky_CMC', 'left_pinky_MCP_FE', 'left_pinky_MCP_AA', 'left_pinky_PIP', 'left_pinky_DIP']
Allegro joint names: ['iiwa14_joint_1', 'iiwa14_joint_2', 'iiwa14_joint_3', 'iiwa14_joint_4', 'iiwa14_joint_5', 'iiwa14_joint_6', 'iiwa14_joint_7', 'left_1_thumb_CMC_FE', 'left_thumb_CMC_AA', 'left_thumb_MCP_FE', 'left_thumb_MCP_AA', 'left_thumb_IP', 'left_2_index_MCP_FE', 'left_index_MCP_AA', 'left_index_PIP', 'left_index_DIP', 'left_3_middle_MCP_FE', 'left_middle_MCP_AA', 'left_middle_PIP', 'left_middle_DIP', 'left_4_ring_MCP_FE', 'left_ring_MCP_AA', 'left_ring_PIP', 'left_ring_DIP', 'left_5_pinky_CMC', 'left_pinky_MCP_FE', 'left_pinky_MCP_AA', 'left_pinky_PIP', 'left_pinky_DIP']
Initializing _tyler_curriculum_scale to 0.0
Box(-1.0, 1.0, (29,), float32) Box(-inf, inf, (140,), float32) Box(-inf, inf, (162,), float32)
seq_length: 16
current training device: cuda:0
num_minibatches: 4
/juno/u/satvik/sapg/rl_games/rl_games/common/a2c_common.py:257: FutureWarning: `torch.cuda.amp.GradScaler(args...)` is deprecated. Please use `torch.amp.GradScaler('cuda', args...)` instead.
  self.scaler = torch.cuda.amp.GradScaler(enabled=self.mixed_precision and self.ppo_device != 'cpu')
build mlp: 1024
RunningMeanStd:  (1,)
RunningMeanStd:  (140,)
Initializing _tyler_curriculum_scale to 0.0
Box(-1.0, 1.0, (29,), float32) Box(-inf, inf, (140,), float32) Box(-inf, inf, (162,), float32)
seq_length: 16
current training device: cuda:0
num_minibatches: 4
/juno/u/satvik/sapg/rl_games/rl_games/common/a2c_common.py:257: FutureWarning: `torch.cuda.amp.GradScaler(args...)` is deprecated. Please use `torch.amp.GradScaler('cuda', args...)` instead.
  self.scaler = torch.cuda.amp.GradScaler(enabled=self.mixed_precision and self.ppo_device != 'cpu')
build mlp: 1024
RunningMeanStd:  (1,)
RunningMeanStd:  (140,)
build mlp: 194
build mlp: 194
RunningMeanStd:  (1,)
RunningMeanStd:  (162,)
RunningMeanStd:  (1,)
RunningMeanStd:  (162,)
====================broadcasting parameters
====================broadcasting parameters
--------------------------------------------------------------------------------
At self.control_steps = 0, should start video capture at start of next episode
--------------------------------------------------------------------------------
/juno/u/satvik/sapg/rl_games/rl_games/algos_torch/torch_ext.py:331: UserWarning: To copy construct from a tensor, it is recommended to use sourceTensor.clone().detach() or sourceTensor.clone().detach().requires_grad_(True), rather than torch.tensor(sourceTensor).
  self.current_size = torch.tensor(size_sum, dtype = torch.int32)
--------------------------------------------------------------------------------
At self.control_steps = 0, should start video capture at start of next episode
--------------------------------------------------------------------------------
/juno/u/satvik/sapg/rl_games/rl_games/algos_torch/torch_ext.py:331: UserWarning: To copy construct from a tensor, it is recommended to use sourceTensor.clone().detach() or sourceTensor.clone().detach().requires_grad_(True), rather than torch.tensor(sourceTensor).
  self.current_size = torch.tensor(size_sum, dtype = torch.int32)
/juno/u/satvik/sapg/rl_games/rl_games/algos_torch/a2c_continuous.py:127: FutureWarning: `torch.cuda.amp.autocast(args...)` is deprecated. Please use `torch.amp.autocast('cuda', args...)` instead.
  with torch.cuda.amp.autocast(enabled=self.mixed_precision):
/juno/u/satvik/sapg/rl_games/rl_games/algos_torch/a2c_continuous.py:127: FutureWarning: `torch.cuda.amp.autocast(args...)` is deprecated. Please use `torch.amp.autocast('cuda', args...)` instead.
  with torch.cuda.amp.autocast(enabled=self.mixed_precision):

Timing:
Timing:

  Play time               : 7.952 s  Play time               : 8.240 s

  Update time             : 4.086 s  Update time             : 4.082 s

  Time to train epoch     : 12.038 s
  Time to train epoch     : 12.322 s



Statistics:
  fps step                    : 176,038
  fps step + policy inference : 159,070
  fps total                   : 106,370
  epoch                       : 1 / 15
  frames                      : 0 / 100,000,000,000


Policy 0: 
Frame 0
  scalars/success_tolerance                         : 0.075
  tyler_curriculum_scale                            : 0.000
  mean_successes                                    : 0.000
  mean_success_ratio                                : 0.000
  minutes_elapsed_since_last_update                 : 0.176
  success_ratio                                     : 0.000
  turn_off_object_vel_obs_scale                     : 1.000
  turn_off_palm_vel_obs_scale                       : 1.000
  turn_off_extra_obs_scale                          : 1.000
  reset/dropped                                     : 0.549
  reset/hand_far_from_object                        : 0.394
  reset/object_z_low                                : 0.056
  successes                                         : 0.000
  successes_median                                  : 0.000
  successes_max                                     : 0.000
  successes_per_block/block_0                       : 0.000
  successes_per_block/block_1                       : 0.000
  successes_per_block/block_2                       : 0.000
  successes_per_block/block_3                       : 0.000
  successes_per_block/block_4                       : 0.000
  successes_per_block/block_5                       : 0.000
  successes_per_block/block_6                       : 0.000
  successes_per_block/block_7                       : 0.000
  successes_per_block/block_8                       : 0.000
  successes_per_block/block_9                       : 0.000
  closest_keypoint_max_dist                         : 0.000
  closest_keypoint_max_dist_median                  : 0.000
  closest_keypoint_max_dist_max                     : 0.000
  closest_keypoint_max_dist_per_block/block_0       : 0.000
  closest_keypoint_max_dist_per_block/block_1       : 0.000
  closest_keypoint_max_dist_per_block/block_2       : 0.000
  closest_keypoint_max_dist_per_block/block_3       : 0.000
  closest_keypoint_max_dist_per_block/block_4       : 0.000
  closest_keypoint_max_dist_per_block/block_5       : 0.000
  closest_keypoint_max_dist_per_block/block_6       : 0.000
  closest_keypoint_max_dist_per_block/block_7       : 0.000
  closest_keypoint_max_dist_per_block/block_8       : 0.000
  closest_keypoint_max_dist_per_block/block_9       : 0.000
  true_objective_mean                               : 0.000
  true_objective_max                                : 0.000


Timing:
Timing:

  Play time               : 4.896 s
  Play time               : 4.899 s  Update time             : 2.393 s

  Time to train epoch     : 7.289 s
  Update time             : 2.390 s

  Time to train epoch     : 7.289 s


Statistics:
  fps step                    : 300,583
  fps step + policy inference : 267,696
  fps total                   : 179,812
  epoch                       : 2 / 15
  frames                      : 1,310,720 / 100,000,000,000


Policy 0: 
Frame 1310720
  scalars/success_tolerance                         : 0.075
  tyler_curriculum_scale                            : 0.000
  mean_successes                                    : 0.000
  mean_success_ratio                                : 0.000
  minutes_elapsed_since_last_update                 : 0.425
  success_ratio                                     : 0.000
  turn_off_object_vel_obs_scale                     : 1.000
  turn_off_palm_vel_obs_scale                       : 1.000
  turn_off_extra_obs_scale                          : 1.000
  reset/dropped                                     : 0.325
  reset/hand_far_from_object                        : 0.167
  reset/object_z_low                                : 0.508
  successes                                         : 0.000
  successes_median                                  : 0.000
  successes_max                                     : 0.000
  successes_per_block/block_0                       : 0.000
  successes_per_block/block_1                       : 0.000
  successes_per_block/block_2                       : 0.000
  successes_per_block/block_3                       : 0.000
  successes_per_block/block_4                       : 0.000
  successes_per_block/block_5                       : 0.000
  successes_per_block/block_6                       : 0.000
  successes_per_block/block_7                       : 0.000
  successes_per_block/block_8                       : 0.000
  successes_per_block/block_9                       : 0.000
  closest_keypoint_max_dist                         : 0.000
  closest_keypoint_max_dist_median                  : 0.000
  closest_keypoint_max_dist_max                     : 0.000
  closest_keypoint_max_dist_per_block/block_0       : 0.000
  closest_keypoint_max_dist_per_block/block_1       : 0.000
  closest_keypoint_max_dist_per_block/block_2       : 0.000
  closest_keypoint_max_dist_per_block/block_3       : 0.000
  closest_keypoint_max_dist_per_block/block_4       : 0.000
  closest_keypoint_max_dist_per_block/block_5       : 0.000
  closest_keypoint_max_dist_per_block/block_6       : 0.000
  closest_keypoint_max_dist_per_block/block_7       : 0.000
  closest_keypoint_max_dist_per_block/block_8       : 0.000
  closest_keypoint_max_dist_per_block/block_9       : 0.000
  true_objective_mean                               : 0.000
  true_objective_max                                : 0.000


Timing:

Timing:
  Play time               : 3.933 s
  Update time             : 2.141 s
  Play time               : 3.939 s
  Time to train epoch     : 6.074 s

  Update time             : 2.134 s
  Time to train epoch     : 6.074 s


Statistics:
  fps step                    : 385,659
  fps step + policy inference : 332,714
  fps total                   : 215,802
  epoch                       : 3 / 15
  frames                      : 2,621,440 / 100,000,000,000


Policy 0: 
Frame 2621440
  scalars/success_tolerance                         : 0.075
  tyler_curriculum_scale                            : 0.000
  mean_successes                                    : 0.000
  mean_success_ratio                                : 0.000
  minutes_elapsed_since_last_update                 : 0.625
  success_ratio                                     : 0.000
  turn_off_object_vel_obs_scale                     : 1.000
  turn_off_palm_vel_obs_scale                       : 1.000
  turn_off_extra_obs_scale                          : 1.000
  reset/dropped                                     : 0.144
  reset/hand_far_from_object                        : 0.065
  reset/object_z_low                                : 0.791
  successes                                         : 0.000
  successes_median                                  : 0.000
  successes_max                                     : 0.000
  successes_per_block/block_0                       : 0.000
  successes_per_block/block_1                       : 0.000
  successes_per_block/block_2                       : 0.000
  successes_per_block/block_3                       : 0.000
  successes_per_block/block_4                       : 0.000
  successes_per_block/block_5                       : 0.000
  successes_per_block/block_6                       : 0.000
  successes_per_block/block_7                       : 0.000
  successes_per_block/block_8                       : 0.000
  successes_per_block/block_9                       : 0.000
  closest_keypoint_max_dist                         : 0.000
  closest_keypoint_max_dist_median                  : 0.000
  closest_keypoint_max_dist_max                     : 0.000
  closest_keypoint_max_dist_per_block/block_0       : 0.000
  closest_keypoint_max_dist_per_block/block_1       : 0.000
  closest_keypoint_max_dist_per_block/block_2       : 0.000
  closest_keypoint_max_dist_per_block/block_3       : 0.000
  closest_keypoint_max_dist_per_block/block_4       : 0.000
  closest_keypoint_max_dist_per_block/block_5       : 0.000
  closest_keypoint_max_dist_per_block/block_6       : 0.000
  closest_keypoint_max_dist_per_block/block_7       : 0.000
  closest_keypoint_max_dist_per_block/block_8       : 0.000
  closest_keypoint_max_dist_per_block/block_9       : 0.000
  true_objective_mean                               : 0.000
  true_objective_max                                : 0.000


Timing:
Timing:

  Play time               : 4.005 s
  Play time               : 4.002 s
  Update time             : 1.867 s
  Update time             : 1.870 s  Time to train epoch     : 5.872 s


  Time to train epoch     : 5.872 s


Statistics:
  fps step                    : 376,729
  fps step + policy inference : 327,243
  fps total                   : 223,201
  epoch                       : 4 / 15
  frames                      : 3,932,160 / 100,000,000,000


Policy 0: 
Frame 3932160
  scalars/success_tolerance                         : 0.075
  tyler_curriculum_scale                            : 0.000
  mean_successes                                    : 0.000
  mean_success_ratio                                : 0.000
  minutes_elapsed_since_last_update                 : 0.817
  success_ratio                                     : 0.000
  turn_off_object_vel_obs_scale                     : 1.000
  turn_off_palm_vel_obs_scale                       : 1.000
  turn_off_extra_obs_scale                          : 1.000
  reset/dropped                                     : 0.123
  reset/hand_far_from_object                        : 0.053
  reset/object_z_low                                : 0.824
  successes                                         : 0.000
  successes_median                                  : 0.000
  successes_max                                     : 0.000
  successes_per_block/block_0                       : 0.000
  successes_per_block/block_1                       : 0.000
  successes_per_block/block_2                       : 0.000
  successes_per_block/block_3                       : 0.000
  successes_per_block/block_4                       : 0.000
  successes_per_block/block_5                       : 0.000
  successes_per_block/block_6                       : 0.000
  successes_per_block/block_7                       : 0.000
  successes_per_block/block_8                       : 0.000
  successes_per_block/block_9                       : 0.000
  closest_keypoint_max_dist                         : 0.000
  closest_keypoint_max_dist_median                  : 0.000
  closest_keypoint_max_dist_max                     : 0.000
  closest_keypoint_max_dist_per_block/block_0       : 0.000
  closest_keypoint_max_dist_per_block/block_1       : 0.000
  closest_keypoint_max_dist_per_block/block_2       : 0.000
  closest_keypoint_max_dist_per_block/block_3       : 0.000
  closest_keypoint_max_dist_per_block/block_4       : 0.000
  closest_keypoint_max_dist_per_block/block_5       : 0.000
  closest_keypoint_max_dist_per_block/block_6       : 0.000
  closest_keypoint_max_dist_per_block/block_7       : 0.000
  closest_keypoint_max_dist_per_block/block_8       : 0.000
  closest_keypoint_max_dist_per_block/block_9       : 0.000
  true_objective_mean                               : 0.000
  true_objective_max                                : 0.000


Timing:
Timing:

  Play time               : 4.414 s  Play time               : 4.421 s

  Update time             : 1.888 s  Update time             : 1.881 s

  Time to train epoch     : 6.302 s
  Time to train epoch     : 6.302 s



Statistics:
  fps step                    : 336,987
  fps step + policy inference : 296,489
  fps total                   : 207,979
  epoch                       : 5 / 15
  frames                      : 5,242,880 / 100,000,000,000


Policy 0: 
Frame 5242880
  scalars/success_tolerance                         : 0.075
  tyler_curriculum_scale                            : 0.000
  mean_successes                                    : 0.000
  mean_success_ratio                                : 0.000
  minutes_elapsed_since_last_update                 : 1.019
  success_ratio                                     : 0.000
  turn_off_object_vel_obs_scale                     : 1.000
  turn_off_palm_vel_obs_scale                       : 1.000
  turn_off_extra_obs_scale                          : 1.000
  reset/dropped                                     : 0.115
  reset/hand_far_from_object                        : 0.050
  reset/object_z_low                                : 0.835
  successes                                         : 0.000
  successes_median                                  : 0.000
  successes_max                                     : 0.000
  successes_per_block/block_0                       : 0.000
  successes_per_block/block_1                       : 0.000
  successes_per_block/block_2                       : 0.000
  successes_per_block/block_3                       : 0.000
  successes_per_block/block_4                       : 0.000
  successes_per_block/block_5                       : 0.000
  successes_per_block/block_6                       : 0.000
  successes_per_block/block_7                       : 0.000
  successes_per_block/block_8                       : 0.000
  successes_per_block/block_9                       : 0.000
  closest_keypoint_max_dist                         : 0.000
  closest_keypoint_max_dist_median                  : 0.000
  closest_keypoint_max_dist_max                     : 0.000
  closest_keypoint_max_dist_per_block/block_0       : 0.000
  closest_keypoint_max_dist_per_block/block_1       : 0.000
  closest_keypoint_max_dist_per_block/block_2       : 0.000
  closest_keypoint_max_dist_per_block/block_3       : 0.000
  closest_keypoint_max_dist_per_block/block_4       : 0.000
  closest_keypoint_max_dist_per_block/block_5       : 0.000
  closest_keypoint_max_dist_per_block/block_6       : 0.000
  closest_keypoint_max_dist_per_block/block_7       : 0.000
  closest_keypoint_max_dist_per_block/block_8       : 0.001
  closest_keypoint_max_dist_per_block/block_9       : 0.000
  true_objective_mean                               : 0.000
  true_objective_max                                : 0.000


Timing:

Timing:  Play time               : 5.167 s

  Update time             : 1.870 s
  Time to train epoch     : 7.038 s

  Play time               : 5.173 s
  Update time             : 1.865 s
  Time to train epoch     : 7.038 s


Statistics:
  fps step                    : 281,958
  fps step + policy inference : 253,383
  fps total                   : 186,236
  epoch                       : 6 / 15
  frames                      : 6,553,600 / 100,000,000,000


Policy 0: 
Frame 6553600
  scalars/success_tolerance                         : 0.075
  tyler_curriculum_scale                            : 0.000
  mean_successes                                    : 0.000
  mean_success_ratio                                : 0.000
  minutes_elapsed_since_last_update                 : 1.224
  success_ratio                                     : 0.000
  turn_off_object_vel_obs_scale                     : 1.000
  turn_off_palm_vel_obs_scale                       : 1.000
  turn_off_extra_obs_scale                          : 1.000
  reset/dropped                                     : 0.111
  reset/hand_far_from_object                        : 0.047
  reset/object_z_low                                : 0.842
  successes                                         : 0.000
  successes_median                                  : 0.000
  successes_max                                     : 0.000
  successes_per_block/block_0                       : 0.000
  successes_per_block/block_1                       : 0.000
  successes_per_block/block_2                       : 0.000
  successes_per_block/block_3                       : 0.000
  successes_per_block/block_4                       : 0.000
  successes_per_block/block_5                       : 0.000
  successes_per_block/block_6                       : 0.000
  successes_per_block/block_7                       : 0.000
  successes_per_block/block_8                       : 0.000
  successes_per_block/block_9                       : 0.000
  closest_keypoint_max_dist                         : 0.000
  closest_keypoint_max_dist_median                  : 0.000
  closest_keypoint_max_dist_max                     : 0.000
  closest_keypoint_max_dist_per_block/block_0       : 0.000
  closest_keypoint_max_dist_per_block/block_1       : 0.001
  closest_keypoint_max_dist_per_block/block_2       : 0.001
  closest_keypoint_max_dist_per_block/block_3       : 0.001
  closest_keypoint_max_dist_per_block/block_4       : 0.001
  closest_keypoint_max_dist_per_block/block_5       : 0.000
  closest_keypoint_max_dist_per_block/block_6       : 0.000
  closest_keypoint_max_dist_per_block/block_7       : 0.001
  closest_keypoint_max_dist_per_block/block_8       : 0.001
  closest_keypoint_max_dist_per_block/block_9       : 0.000
  true_objective_mean                               : 0.000
  true_objective_max                                : 0.000


Timing:
  Play time               : 4.486 s

Timing:  Update time             : 1.861 s

  Time to train epoch     : 6.347 s

  Play time               : 4.491 s
  Update time             : 1.855 s
  Time to train epoch     : 6.347 s


Statistics:
  fps step                    : 329,410
  fps step + policy inference : 291,835
  fps total                   : 206,522
  epoch                       : 7 / 15
  frames                      : 7,864,320 / 100,000,000,000


Policy 0: 
Frame 7864320
  scalars/success_tolerance                         : 0.075
  tyler_curriculum_scale                            : 0.000
  mean_successes                                    : 0.000
  mean_success_ratio                                : 0.000
  minutes_elapsed_since_last_update                 : 1.431
  success_ratio                                     : 0.000
  turn_off_object_vel_obs_scale                     : 1.000
  turn_off_palm_vel_obs_scale                       : 1.000
  turn_off_extra_obs_scale                          : 1.000
  reset/dropped                                     : 0.106
  reset/hand_far_from_object                        : 0.045
  reset/object_z_low                                : 0.848
  successes                                         : 0.000
  successes_median                                  : 0.000
  successes_max                                     : 0.000
  successes_per_block/block_0                       : 0.000
  successes_per_block/block_1                       : 0.000
  successes_per_block/block_2                       : 0.000
  successes_per_block/block_3                       : 0.000
  successes_per_block/block_4                       : 0.000
  successes_per_block/block_5                       : 0.000
  successes_per_block/block_6                       : 0.000
  successes_per_block/block_7                       : 0.000
  successes_per_block/block_8                       : 0.000
  successes_per_block/block_9                       : 0.000
  closest_keypoint_max_dist                         : 0.000
  closest_keypoint_max_dist_median                  : 0.000
  closest_keypoint_max_dist_max                     : 0.000
  closest_keypoint_max_dist_per_block/block_0       : 0.000
  closest_keypoint_max_dist_per_block/block_1       : 0.001
  closest_keypoint_max_dist_per_block/block_2       : 0.001
  closest_keypoint_max_dist_per_block/block_3       : 0.001
  closest_keypoint_max_dist_per_block/block_4       : 0.001
  closest_keypoint_max_dist_per_block/block_5       : 0.001
  closest_keypoint_max_dist_per_block/block_6       : 0.001
  closest_keypoint_max_dist_per_block/block_7       : 0.001
  closest_keypoint_max_dist_per_block/block_8       : 0.001
  closest_keypoint_max_dist_per_block/block_9       : 0.000
  true_objective_mean                               : 0.000
  true_objective_max                                : 0.000


Timing:
Timing:

  Play time               : 4.533 s  Play time               : 4.546 s

  Update time             : 1.858 s  Update time             : 1.844 s

  Time to train epoch     : 6.391 s

  Time to train epoch     : 6.391 s


Statistics:
  fps step                    : 325,693
  fps step + policy inference : 288,316
  fps total                   : 205,103
  epoch                       : 8 / 15
  frames                      : 9,175,040 / 100,000,000,000


Policy 0: 
Frame 9175040
  scalars/success_tolerance                         : 0.075
  tyler_curriculum_scale                            : 0.000
  mean_successes                                    : 0.000
  mean_success_ratio                                : 0.000
  minutes_elapsed_since_last_update                 : 1.628
  success_ratio                                     : 0.000
  turn_off_object_vel_obs_scale                     : 1.000
  turn_off_palm_vel_obs_scale                       : 1.000
  turn_off_extra_obs_scale                          : 1.000
  reset/dropped                                     : 0.099
  reset/hand_far_from_object                        : 0.042
  reset/object_z_low                                : 0.860
  successes                                         : 0.000
  successes_median                                  : 0.000
  successes_max                                     : 0.000
  successes_per_block/block_0                       : 0.000
  successes_per_block/block_1                       : 0.000
  successes_per_block/block_2                       : 0.000
  successes_per_block/block_3                       : 0.000
  successes_per_block/block_4                       : 0.000
  successes_per_block/block_5                       : 0.000
  successes_per_block/block_6                       : 0.000
  successes_per_block/block_7                       : 0.000
  successes_per_block/block_8                       : 0.000
  successes_per_block/block_9                       : 0.000
  closest_keypoint_max_dist                         : 0.000
  closest_keypoint_max_dist_median                  : 0.000
  closest_keypoint_max_dist_max                     : 0.283
  closest_keypoint_max_dist_per_block/block_0       : 0.000
  closest_keypoint_max_dist_per_block/block_1       : 0.001
  closest_keypoint_max_dist_per_block/block_2       : 0.001
  closest_keypoint_max_dist_per_block/block_3       : 0.001
  closest_keypoint_max_dist_per_block/block_4       : 0.001
  closest_keypoint_max_dist_per_block/block_5       : 0.001
  closest_keypoint_max_dist_per_block/block_6       : 0.001
  closest_keypoint_max_dist_per_block/block_7       : 0.001
  closest_keypoint_max_dist_per_block/block_8       : 0.001
  closest_keypoint_max_dist_per_block/block_9       : 0.000
  true_objective_mean                               : 0.000
  true_objective_max                                : 0.000


Timing:
Timing:

  Play time               : 4.509 s  Play time               : 4.519 s

  Update time             : 2.219 s  Update time             : 2.210 s

  Time to train epoch     : 6.729 s
  Time to train epoch     : 6.729 s



Statistics:
  fps step                    : 329,184
  fps step + policy inference : 290,051
  fps total                   : 194,801
  epoch                       : 9 / 15
  frames                      : 10,485,760 / 100,000,000,000


Policy 0: 
Frame 10485760
  scalars/success_tolerance                         : 0.075
  tyler_curriculum_scale                            : 0.000
  mean_successes                                    : 0.000
  mean_success_ratio                                : 0.000
  minutes_elapsed_since_last_update                 : 1.830
  success_ratio                                     : 0.000
  turn_off_object_vel_obs_scale                     : 1.000
  turn_off_palm_vel_obs_scale                       : 1.000
  turn_off_extra_obs_scale                          : 1.000
  reset/dropped                                     : 0.087
  reset/hand_far_from_object                        : 0.037
  reset/object_z_low                                : 0.876
  successes                                         : 0.000
  successes_median                                  : 0.000
  successes_max                                     : 0.000
  successes_per_block/block_0                       : 0.000
  successes_per_block/block_1                       : 0.000
  successes_per_block/block_2                       : 0.000
  successes_per_block/block_3                       : 0.000
  successes_per_block/block_4                       : 0.000
  successes_per_block/block_5                       : 0.000
  successes_per_block/block_6                       : 0.000
  successes_per_block/block_7                       : 0.000
  successes_per_block/block_8                       : 0.000
  successes_per_block/block_9                       : 0.000
  closest_keypoint_max_dist                         : 0.000
  closest_keypoint_max_dist_median                  : 0.000
  closest_keypoint_max_dist_max                     : 0.283
  closest_keypoint_max_dist_per_block/block_0       : 0.000
  closest_keypoint_max_dist_per_block/block_1       : 0.001
  closest_keypoint_max_dist_per_block/block_2       : 0.001
  closest_keypoint_max_dist_per_block/block_3       : 0.001
  closest_keypoint_max_dist_per_block/block_4       : 0.001
  closest_keypoint_max_dist_per_block/block_5       : 0.001
  closest_keypoint_max_dist_per_block/block_6       : 0.001
  closest_keypoint_max_dist_per_block/block_7       : 0.001
  closest_keypoint_max_dist_per_block/block_8       : 0.001
  closest_keypoint_max_dist_per_block/block_9       : 0.000
  true_objective_mean                               : 0.000
  true_objective_max                                : 0.000


Timing:
  Play time               : 4.383 s
  Update time             : 1.922 s
  Time to train epoch     : 6.305 s


Timing:
  Play time               : 4.383 s
  Update time             : 1.922 s
  Time to train epoch     : 6.305 s


Statistics:
  fps step                    : 340,999
  fps step + policy inference : 299,039
  fps total                   : 207,891
  epoch                       : 10 / 15
  frames                      : 11,796,480 / 100,000,000,000


Policy 0: 
Frame 11796480
  scalars/success_tolerance                         : 0.075
  tyler_curriculum_scale                            : 0.000
  mean_successes                                    : 0.000
  mean_success_ratio                                : 0.000
  minutes_elapsed_since_last_update                 : 2.034
  success_ratio                                     : 0.000
  turn_off_object_vel_obs_scale                     : 1.000
  turn_off_palm_vel_obs_scale                       : 1.000
  turn_off_extra_obs_scale                          : 1.000
  reset/dropped                                     : 0.073
  reset/hand_far_from_object                        : 0.030
  reset/object_z_low                                : 0.897
  successes                                         : 0.000
  successes_median                                  : 0.000
  successes_max                                     : 0.000
  successes_per_block/block_0                       : 0.000
  successes_per_block/block_1                       : 0.000
  successes_per_block/block_2                       : 0.000
  successes_per_block/block_3                       : 0.000
  successes_per_block/block_4                       : 0.000
  successes_per_block/block_5                       : 0.000
  successes_per_block/block_6                       : 0.000
  successes_per_block/block_7                       : 0.000
  successes_per_block/block_8                       : 0.000
  successes_per_block/block_9                       : 0.000
  closest_keypoint_max_dist                         : 0.000
  closest_keypoint_max_dist_median                  : 0.000
  closest_keypoint_max_dist_max                     : 0.283
  closest_keypoint_max_dist_per_block/block_0       : 0.000
  closest_keypoint_max_dist_per_block/block_1       : 0.001
  closest_keypoint_max_dist_per_block/block_2       : 0.001
  closest_keypoint_max_dist_per_block/block_3       : 0.001
  closest_keypoint_max_dist_per_block/block_4       : 0.001
  closest_keypoint_max_dist_per_block/block_5       : 0.001
  closest_keypoint_max_dist_per_block/block_6       : 0.001
  closest_keypoint_max_dist_per_block/block_7       : 0.001
  closest_keypoint_max_dist_per_block/block_8       : 0.001
  closest_keypoint_max_dist_per_block/block_9       : 0.000
  true_objective_mean                               : 0.000
  true_objective_max                                : 0.000

saving next best rewards:  [40.22]
=> saving checkpoint 'runs/00_bench_1771341607/nn/00_bench_1771341607.pth'
Exception [Errno 2] No such file or directory: 'runs/00_bench_1771341607/best/model.pth' when trying to execute <built-in function remove> with args:('runs/00_bench_1771341607/best/model.pth',) and kwargs:{}...
Waiting 1 before trying again...
Exception [Errno 2] No such file or directory: 'runs/00_bench_1771341607/best/model.pth' when trying to execute <built-in function remove> with args:('runs/00_bench_1771341607/best/model.pth',) and kwargs:{}...
Waiting 2 before trying again...
Exception [Errno 2] No such file or directory: 'runs/00_bench_1771341607/best/model.pth' when trying to execute <built-in function remove> with args:('runs/00_bench_1771341607/best/model.pth',) and kwargs:{}...
Waiting 4 before trying again...
Exception [Errno 2] No such file or directory: 'runs/00_bench_1771341607/best/model.pth' when trying to execute <built-in function remove> with args:('runs/00_bench_1771341607/best/model.pth',) and kwargs:{}...
Waiting 8 before trying again...
Exception [Errno 2] No such file or directory: 'runs/00_bench_1771341607/best/model.pth' when trying to execute <built-in function remove> with args:('runs/00_bench_1771341607/best/model.pth',) and kwargs:{}...
Waiting 16 before trying again...

Timing:
Timing:

  Play time               : 4.581 s  Play time               : 4.587 s

  Update time             : 1.943 s  Update time             : 1.937 s

  Time to train epoch     : 6.524 s
  Time to train epoch     : 6.524 s



Statistics:
  fps step                    : 325,215
  fps step + policy inference : 285,736
  fps total                   : 200,917
  epoch                       : 11 / 15
  frames                      : 13,107,200 / 100,000,000,000


Policy 0: 
Frame 13107200
  scalars/success_tolerance                         : 0.075
  tyler_curriculum_scale                            : 0.000
  mean_successes                                    : 0.000
  mean_success_ratio                                : 0.000
  minutes_elapsed_since_last_update                 : 2.986
  success_ratio                                     : 0.000
  turn_off_object_vel_obs_scale                     : 1.000
  turn_off_palm_vel_obs_scale                       : 1.000
  turn_off_extra_obs_scale                          : 1.000
  reset/dropped                                     : 0.060
  reset/hand_far_from_object                        : 0.025
  reset/object_z_low                                : 0.915
  successes                                         : 0.000
  successes_median                                  : 0.000
  successes_max                                     : 0.000
  successes_per_block/block_0                       : 0.000
  successes_per_block/block_1                       : 0.000
  successes_per_block/block_2                       : 0.000
  successes_per_block/block_3                       : 0.000
  successes_per_block/block_4                       : 0.000
  successes_per_block/block_5                       : 0.000
  successes_per_block/block_6                       : 0.000
  successes_per_block/block_7                       : 0.000
  successes_per_block/block_8                       : 0.000
  successes_per_block/block_9                       : 0.000
  closest_keypoint_max_dist                         : 0.000
  closest_keypoint_max_dist_median                  : 0.000
  closest_keypoint_max_dist_max                     : 0.283
  closest_keypoint_max_dist_per_block/block_0       : 0.000
  closest_keypoint_max_dist_per_block/block_1       : 0.001
  closest_keypoint_max_dist_per_block/block_2       : 0.001
  closest_keypoint_max_dist_per_block/block_3       : 0.001
  closest_keypoint_max_dist_per_block/block_4       : 0.001
  closest_keypoint_max_dist_per_block/block_5       : 0.001
  closest_keypoint_max_dist_per_block/block_6       : 0.001
  closest_keypoint_max_dist_per_block/block_7       : 0.001
  closest_keypoint_max_dist_per_block/block_8       : 0.002
  closest_keypoint_max_dist_per_block/block_9       : 0.000
  true_objective_mean                               : 0.000
  true_objective_max                                : 0.000


Timing:
  Play time               : 4.460 s
  Update time             : 1.953 s
  Time to train epoch     : 6.413 s


Timing:
  Play time               : 4.453 s
  Update time             : 1.959 s
  Time to train epoch     : 6.413 s


Statistics:
  fps step                    : 334,980
  fps step + policy inference : 293,908
  fps total                   : 204,400
  epoch                       : 12 / 15
  frames                      : 14,417,920 / 100,000,000,000


Policy 0: 
Frame 14417920
  scalars/success_tolerance                         : 0.075
  tyler_curriculum_scale                            : 0.000
  mean_successes                                    : 0.000
  mean_success_ratio                                : 0.000
  minutes_elapsed_since_last_update                 : 3.185
  success_ratio                                     : 0.000
  turn_off_object_vel_obs_scale                     : 1.000
  turn_off_palm_vel_obs_scale                       : 1.000
  turn_off_extra_obs_scale                          : 1.000
  reset/dropped                                     : 0.049
  reset/hand_far_from_object                        : 0.021
  reset/object_z_low                                : 0.930
  successes                                         : 0.000
  successes_median                                  : 0.000
  successes_max                                     : 0.000
  successes_per_block/block_0                       : 0.000
  successes_per_block/block_1                       : 0.000
  successes_per_block/block_2                       : 0.000
  successes_per_block/block_3                       : 0.000
  successes_per_block/block_4                       : 0.000
  successes_per_block/block_5                       : 0.000
  successes_per_block/block_6                       : 0.000
  successes_per_block/block_7                       : 0.000
  successes_per_block/block_8                       : 0.000
  successes_per_block/block_9                       : 0.000
  closest_keypoint_max_dist                         : 0.000
  closest_keypoint_max_dist_median                  : 0.000
  closest_keypoint_max_dist_max                     : 0.283
  closest_keypoint_max_dist_per_block/block_0       : 0.000
  closest_keypoint_max_dist_per_block/block_1       : 0.001
  closest_keypoint_max_dist_per_block/block_2       : 0.001
  closest_keypoint_max_dist_per_block/block_3       : 0.001
  closest_keypoint_max_dist_per_block/block_4       : 0.001
  closest_keypoint_max_dist_per_block/block_5       : 0.001
  closest_keypoint_max_dist_per_block/block_6       : 0.001
  closest_keypoint_max_dist_per_block/block_7       : 0.001
  closest_keypoint_max_dist_per_block/block_8       : 0.002
  closest_keypoint_max_dist_per_block/block_9       : 0.000
  true_objective_mean                               : 0.000
  true_objective_max                                : 0.000


Timing:
Timing:

  Play time               : 4.455 s  Play time               : 4.451 s

  Update time             : 1.901 s  Update time             : 1.905 s

  Time to train epoch     : 6.356 s
  Time to train epoch     : 6.356 s



Statistics:
  fps step                    : 336,342
  fps step + policy inference : 294,197
  fps total                   : 206,215
  epoch                       : 13 / 15
  frames                      : 15,728,640 / 100,000,000,000


Policy 0: 
Frame 15728640
  scalars/success_tolerance                         : 0.075
  tyler_curriculum_scale                            : 0.000
  mean_successes                                    : 0.000
  mean_success_ratio                                : 0.000
  minutes_elapsed_since_last_update                 : 3.387
  success_ratio                                     : 0.000
  turn_off_object_vel_obs_scale                     : 1.000
  turn_off_palm_vel_obs_scale                       : 1.000
  turn_off_extra_obs_scale                          : 1.000
  reset/dropped                                     : 0.043
  reset/hand_far_from_object                        : 0.018
  reset/object_z_low                                : 0.940
  successes                                         : 0.000
  successes_median                                  : 0.000
  successes_max                                     : 0.000
  successes_per_block/block_0                       : 0.000
  successes_per_block/block_1                       : 0.000
  successes_per_block/block_2                       : 0.000
  successes_per_block/block_3                       : 0.000
  successes_per_block/block_4                       : 0.000
  successes_per_block/block_5                       : 0.000
  successes_per_block/block_6                       : 0.000
  successes_per_block/block_7                       : 0.000
  successes_per_block/block_8                       : 0.000
  successes_per_block/block_9                       : 0.000
  closest_keypoint_max_dist                         : 0.000
  closest_keypoint_max_dist_median                  : 0.000
  closest_keypoint_max_dist_max                     : 0.422
  closest_keypoint_max_dist_per_block/block_0       : 0.000
  closest_keypoint_max_dist_per_block/block_1       : 0.001
  closest_keypoint_max_dist_per_block/block_2       : 0.001
  closest_keypoint_max_dist_per_block/block_3       : 0.001
  closest_keypoint_max_dist_per_block/block_4       : 0.001
  closest_keypoint_max_dist_per_block/block_5       : 0.001
  closest_keypoint_max_dist_per_block/block_6       : 0.001
  closest_keypoint_max_dist_per_block/block_7       : 0.001
  closest_keypoint_max_dist_per_block/block_8       : 0.002
  closest_keypoint_max_dist_per_block/block_9       : 0.000
  true_objective_mean                               : 0.000
  true_objective_max                                : 0.000


Timing:
  Play time               : 4.635 s

Timing:  Update time             : 1.930 s

  Time to train epoch     : 6.565 s

  Play time               : 4.634 s
  Update time             : 1.931 s
  Time to train epoch     : 6.565 s


Statistics:
  fps step                    : 319,930
  fps step + policy inference : 282,832
  fps total                   : 199,647
  epoch                       : 14 / 15
  frames                      : 17,039,360 / 100,000,000,000


Policy 0: 
Frame 17039360
  scalars/success_tolerance                         : 0.075
  tyler_curriculum_scale                            : 0.000
  mean_successes                                    : 0.000
  mean_success_ratio                                : 0.000
  minutes_elapsed_since_last_update                 : 3.585
  success_ratio                                     : 0.000
  turn_off_object_vel_obs_scale                     : 1.000
  turn_off_palm_vel_obs_scale                       : 1.000
  turn_off_extra_obs_scale                          : 1.000
  reset/dropped                                     : 0.028
  reset/hand_far_from_object                        : 0.008
  reset/object_z_low                                : 0.965
  successes                                         : 0.000
  successes_median                                  : 0.000
  successes_max                                     : 0.000
  successes_per_block/block_0                       : 0.000
  successes_per_block/block_1                       : 0.000
  successes_per_block/block_2                       : 0.000
  successes_per_block/block_3                       : 0.000
  successes_per_block/block_4                       : 0.000
  successes_per_block/block_5                       : 0.000
  successes_per_block/block_6                       : 0.000
  successes_per_block/block_7                       : 0.000
  successes_per_block/block_8                       : 0.000
  successes_per_block/block_9                       : 0.000
  closest_keypoint_max_dist                         : 0.000
  closest_keypoint_max_dist_median                  : 0.000
  closest_keypoint_max_dist_max                     : 0.422
  closest_keypoint_max_dist_per_block/block_0       : 0.000
  closest_keypoint_max_dist_per_block/block_1       : 0.001
  closest_keypoint_max_dist_per_block/block_2       : 0.002
  closest_keypoint_max_dist_per_block/block_3       : 0.001
  closest_keypoint_max_dist_per_block/block_4       : 0.001
  closest_keypoint_max_dist_per_block/block_5       : 0.001
  closest_keypoint_max_dist_per_block/block_6       : 0.001
  closest_keypoint_max_dist_per_block/block_7       : 0.001
  closest_keypoint_max_dist_per_block/block_8       : 0.002
  closest_keypoint_max_dist_per_block/block_9       : 0.000
  true_objective_mean                               : 0.000
  true_objective_max                                : 0.000


Timing:
Timing:

  Play time               : 4.261 s  Play time               : 4.266 s

  Update time             : 1.933 s  Update time             : 1.929 s

  Time to train epoch     : 6.195 s
  Time to train epoch     : 6.195 s



Statistics:
  fps step                    : 353,183
  fps step + policy inference : 307,269
  fps total                   : 211,590
  epoch                       : 15 / 15
  frames                      : 18,350,080 / 100,000,000,000


Policy 0: 
Frame 18350080
  scalars/success_tolerance                         : 0.075
  tyler_curriculum_scale                            : 0.000
  mean_successes                                    : 0.000
  mean_success_ratio                                : 0.000
  minutes_elapsed_since_last_update                 : 3.783
  success_ratio                                     : 0.000
  turn_off_object_vel_obs_scale                     : 1.000
  turn_off_palm_vel_obs_scale                       : 1.000
  turn_off_extra_obs_scale                          : 1.000
  reset/dropped                                     : 0.010
  reset/hand_far_from_object                        : 0.002
  reset/object_z_low                                : 0.988
  successes                                         : 0.000
  successes_median                                  : 0.000
  successes_max                                     : 0.000
  successes_per_block/block_0                       : 0.000
  successes_per_block/block_1                       : 0.000
  successes_per_block/block_2                       : 0.000
  successes_per_block/block_3                       : 0.000
  successes_per_block/block_4                       : 0.000
  successes_per_block/block_5                       : 0.000
  successes_per_block/block_6                       : 0.000
  successes_per_block/block_7                       : 0.000
  successes_per_block/block_8                       : 0.000
  successes_per_block/block_9                       : 0.000
  closest_keypoint_max_dist                         : 0.000
  closest_keypoint_max_dist_median                  : 0.000
  closest_keypoint_max_dist_max                     : 0.446
  closest_keypoint_max_dist_per_block/block_0       : 0.001
  closest_keypoint_max_dist_per_block/block_1       : 0.001
  closest_keypoint_max_dist_per_block/block_2       : 0.002
  closest_keypoint_max_dist_per_block/block_3       : 0.001
  closest_keypoint_max_dist_per_block/block_4       : 0.002
  closest_keypoint_max_dist_per_block/block_5       : 0.002
  closest_keypoint_max_dist_per_block/block_6       : 0.001
  closest_keypoint_max_dist_per_block/block_7       : 0.001
  closest_keypoint_max_dist_per_block/block_8       : 0.002
  closest_keypoint_max_dist_per_block/block_9       : 0.000
  true_objective_mean                               : 0.000
  true_objective_max                                : 0.000

=> saving checkpoint 'runs/00_bench_1771341607/nn/last_00_bench_1771341607_ep_15_rew__16.32_.pth'
MAX EPOCHS NUM!
Error executing job with overrides: ['task/env=reorientation', '++task.env.useSparseReward=False', 'headless=True', 'task.env.numEnvs=40960', 'train.params.config.minibatch_size=163840', 'multi_gpu=True', 'train.params.config.good_reset_boundary=0', 'task.env.goodResetBoundary=0', 'train.params.config.use_others_experience=lf', 'train.params.config.off_policy_ratio=1.0', 'train.params.config.expl_type=mixed_expl_learn_param', 'train.params.config.expl_reward_type=entropy', 'train.params.config.expl_coef_block_size=4096', 'train.params.config.expl_reward_coef_scale=0.005', 'train.params.network.space.continuous.fixed_sigma=coef_cond', 'wandb_activate=False', 'seed=0', 'experiment=00_bench_1771341607', 'task.env.object_type=tyler_handle_head', 'task.env.useRelativeControl=False', 'task.task.randomize=False', 'task=AllegroKukaLSTMAsymmetric', 'task.env.objectBaseSize=0.04', 'task.env.kukaActionsPenaltyScale=0.03', 'task.env.allegroActionsPenaltyScale=0.003', 'task.env.stateList=["joint_pos","joint_vel","prev_action_targets","palm_pos","palm_rot","palm_vel","object_rot","object_vel","fingertip_pos_rel_palm","keypoints_rel_palm","keypoints_rel_goal","object_scales","closest_keypoint_max_dist","closest_fingertip_dist","lifted_object","progress","successes","reward"]', 'task.env.obsList=["joint_pos","joint_vel","prev_action_targets","palm_pos","palm_rot","object_rot","fingertip_pos_rel_palm","keypoints_rel_palm","keypoints_rel_goal","object_scales"]', 'task.env.use_fixed_set_of_goal_states=False', 'task.env.controlFrequencyInv=1', 'task.env.useObsDelay=True', 'task.env.useActionDelay=False', 'task.env.useObjectStateDelayNoise=True', 'task.env.jointVelocityObsNoiseStd=0.01', 'task.env.successSteps=10', 'task.env.goalSamplingType=delta', 'task.env.dofSpeedScale=1.5', 'task.env.robotFriction=0.5', 'task.env.tableResetZRange=0.025', 'task.env.resetWhenDropped=True', 'task.env.armMovingAverage=0.1', 'train.params.config.max_epochs=15']
Traceback (most recent call last):
  File "/juno/u/satvik/sapg/isaacgymenvs/train.py", line 287, in launch
    vec_env.change_on_restart(omegaconf_to_dict(cfg.task))
AttributeError: 'int' object has no attribute 'change_on_restart'

Set the environment variable HYDRA_FULL_ERROR=1 for a complete stack trace.
Error executing job with overrides: ['task/env=reorientation', '++task.env.useSparseReward=False', 'headless=True', 'task.env.numEnvs=40960', 'train.params.config.minibatch_size=163840', 'multi_gpu=True', 'train.params.config.good_reset_boundary=0', 'task.env.goodResetBoundary=0', 'train.params.config.use_others_experience=lf', 'train.params.config.off_policy_ratio=1.0', 'train.params.config.expl_type=mixed_expl_learn_param', 'train.params.config.expl_reward_type=entropy', 'train.params.config.expl_coef_block_size=4096', 'train.params.config.expl_reward_coef_scale=0.005', 'train.params.network.space.continuous.fixed_sigma=coef_cond', 'wandb_activate=False', 'seed=0', 'experiment=00_bench_1771341607', 'task.env.object_type=tyler_handle_head', 'task.env.useRelativeControl=False', 'task.task.randomize=False', 'task=AllegroKukaLSTMAsymmetric', 'task.env.objectBaseSize=0.04', 'task.env.kukaActionsPenaltyScale=0.03', 'task.env.allegroActionsPenaltyScale=0.003', 'task.env.stateList=["joint_pos","joint_vel","prev_action_targets","palm_pos","palm_rot","palm_vel","object_rot","object_vel","fingertip_pos_rel_palm","keypoints_rel_palm","keypoints_rel_goal","object_scales","closest_keypoint_max_dist","closest_fingertip_dist","lifted_object","progress","successes","reward"]', 'task.env.obsList=["joint_pos","joint_vel","prev_action_targets","palm_pos","palm_rot","object_rot","fingertip_pos_rel_palm","keypoints_rel_palm","keypoints_rel_goal","object_scales"]', 'task.env.use_fixed_set_of_goal_states=False', 'task.env.controlFrequencyInv=1', 'task.env.useObsDelay=True', 'task.env.useActionDelay=False', 'task.env.useObjectStateDelayNoise=True', 'task.env.jointVelocityObsNoiseStd=0.01', 'task.env.successSteps=10', 'task.env.goalSamplingType=delta', 'task.env.dofSpeedScale=1.5', 'task.env.robotFriction=0.5', 'task.env.tableResetZRange=0.025', 'task.env.resetWhenDropped=True', 'task.env.armMovingAverage=0.1', 'train.params.config.max_epochs=15']
Traceback (most recent call last):
  File "/juno/u/satvik/sapg/isaacgymenvs/train.py", line 287, in launch
    vec_env.change_on_restart(omegaconf_to_dict(cfg.task))
AttributeError: 'int' object has no attribute 'change_on_restart'

Set the environment variable HYDRA_FULL_ERROR=1 for a complete stack trace.
W0217 07:25:16.416574 7413514590016 torch/distributed/elastic/multiprocessing/api.py:858] Sending process 3303072 closing signal SIGTERM
E0217 07:25:17.383654 7413514590016 torch/distributed/elastic/multiprocessing/api.py:833] failed (exitcode: 1) local_rank: 0 (pid: 3303071) of binary: /juno/u/satvik/miniconda3/envs/sapg/bin/python
Traceback (most recent call last):
  File "/juno/u/satvik/miniconda3/envs/sapg/lib/python3.8/runpy.py", line 194, in _run_module_as_main
    return _run_code(code, main_globals, None,
  File "/juno/u/satvik/miniconda3/envs/sapg/lib/python3.8/runpy.py", line 87, in _run_code
    exec(code, run_globals)
  File "/juno/u/satvik/miniconda3/envs/sapg/lib/python3.8/site-packages/torch/distributed/run.py", line 905, in <module>
    main()
  File "/juno/u/satvik/miniconda3/envs/sapg/lib/python3.8/site-packages/torch/distributed/elastic/multiprocessing/errors/__init__.py", line 348, in wrapper
    return f(*args, **kwargs)
  File "/juno/u/satvik/miniconda3/envs/sapg/lib/python3.8/site-packages/torch/distributed/run.py", line 901, in main
    run(args)
  File "/juno/u/satvik/miniconda3/envs/sapg/lib/python3.8/site-packages/torch/distributed/run.py", line 892, in run
    elastic_launch(
  File "/juno/u/satvik/miniconda3/envs/sapg/lib/python3.8/site-packages/torch/distributed/launcher/api.py", line 133, in __call__
    return launch_agent(self._config, self._entrypoint, list(args))
  File "/juno/u/satvik/miniconda3/envs/sapg/lib/python3.8/site-packages/torch/distributed/launcher/api.py", line 264, in launch_agent
    raise ChildFailedError(
torch.distributed.elastic.multiprocessing.errors.ChildFailedError: 
============================================================
isaacgymenvs.train FAILED
------------------------------------------------------------
Failures:
  <NO_OTHER_FAILURES>
------------------------------------------------------------
Root Cause (first observed failure):
[0]:
  time      : 2026-02-17_07:25:16
  host      : iliad8.stanford.edu
  rank      : 0 (local_rank: 0)
  exitcode  : 1 (pid: 3303071)
  error_file: <N/A>
  traceback : To enable traceback see: https://pytorch.org/docs/stable/elastic/errors.html
============================================================
